{"cameraMode":{"drawMode":0,"name":"Shaded","section":"Shading Mode"},"sceneLighting":false,"audioPlay":false,"sceneViewState":{"m_AlwaysRefresh":false,"showFog":true,"showSkybox":true,"showFlares":true,"showImageEffects":true,"showParticleSystems":true,"showVisualEffectGraphs":true,"m_FxEnabled":true},"in2DMode":false,"pivot":{"x":35.53276443481445,"y":149.99984741210938,"z":39.32302474975586},"rotation":{"x":0.06935025006532669,"y":0.6521504521369934,"z":-0.059978678822517398,"w":0.7526281476020813},"size":0.8660253882408142,"orthographic":false}