{"cameraMode":{"drawMode":0,"name":"Shaded","section":"Shading Mode"},"sceneLighting":false,"audioPlay":false,"sceneViewState":{"m_AlwaysRefresh":false,"showFog":true,"showSkybox":true,"showFlares":true,"showImageEffects":true,"showParticleSystems":true,"showVisualEffectGraphs":true,"m_FxEnabled":true},"in2DMode":false,"pivot":{"x":331.6952209472656,"y":210.93502807617188,"z":209.39178466796876},"rotation":{"x":-0.014649695716798306,"y":-0.07319161295890808,"z":-0.0010787947103381158,"w":0.9973084330558777},"size":378.8914794921875,"orthographic":false}