{"cameraMode":{"drawMode":0,"name":"Shaded","section":"Shading Mode"},"sceneLighting":false,"audioPlay":false,"sceneViewState":{"m_AlwaysRefresh":false,"showFog":true,"showSkybox":true,"showFlares":true,"showImageEffects":true,"showParticleSystems":true,"showVisualEffectGraphs":true,"m_FxEnabled":true},"in2DMode":false,"pivot":{"x":306.9384460449219,"y":29.805435180664064,"z":387.0670166015625},"rotation":{"x":0.13302218914031983,"y":-0.32505592703819277,"z":0.046306341886520389,"w":0.9352348446846008},"size":305.07781982421877,"orthographic":false}