{"cameraMode":{"drawMode":0,"name":"Shaded","section":"Shading Mode"},"sceneLighting":false,"audioPlay":false,"sceneViewState":{"m_AlwaysRefresh":false,"showFog":true,"showSkybox":true,"showFlares":true,"showImageEffects":true,"showParticleSystems":true,"showVisualEffectGraphs":true,"m_FxEnabled":true},"in2DMode":false,"pivot":{"x":450.9365234375,"y":190.36956787109376,"z":211.44403076171876},"rotation":{"x":-0.001188549562357366,"y":0.001742180553264916,"z":-0.0000024183757432183485,"w":1.0000964403152466},"size":335.403564453125,"orthographic":false}