{"cameraMode":{"drawMode":0,"name":"Shaded","section":"Shading Mode"},"sceneLighting":false,"audioPlay":false,"sceneViewState":{"m_AlwaysRefresh":false,"showFog":true,"showSkybox":true,"showFlares":true,"showImageEffects":true,"showParticleSystems":true,"showVisualEffectGraphs":true,"m_FxEnabled":true},"in2DMode":false,"pivot":{"x":488.0921936035156,"y":303.8002624511719,"z":63.900001525878909},"rotation":{"x":-0.010415804572403431,"y":0.9803522229194641,"z":-0.1893700510263443,"w":-0.053850773721933368},"size":12.12435531616211,"orthographic":false}