{"cameraMode":{"drawMode":0,"name":"Shaded","section":"Shading Mode"},"sceneLighting":false,"audioPlay":false,"sceneViewState":{"m_AlwaysRefresh":false,"showFog":true,"showSkybox":true,"showFlares":true,"showImageEffects":true,"showParticleSystems":true,"showVisualEffectGraphs":true,"m_FxEnabled":true},"in2DMode":false,"pivot":{"x":315.8338623046875,"y":184.71824645996095,"z":0.441802978515625},"rotation":{"x":-0.018312113359570504,"y":-0.003832888090983033,"z":-0.000018443803128320724,"w":-0.9999178051948547},"size":158.3222198486328,"orthographic":false}