{"cameraMode":{"drawMode":0,"name":"Shaded","section":"Shading Mode"},"sceneLighting":false,"audioPlay":false,"sceneViewState":{"m_AlwaysRefresh":false,"showFog":true,"showSkybox":true,"showFlares":true,"showImageEffects":true,"showParticleSystems":true,"showVisualEffectGraphs":true,"m_FxEnabled":true},"in2DMode":false,"pivot":{"x":638.3283081054688,"y":128.63348388671876,"z":966.6962280273438},"rotation":{"x":-0.19618335366249085,"y":-0.09015556424856186,"z":0.018116960301995279,"w":-0.9762738347053528},"size":244.0989990234375,"orthographic":false}