{"cameraMode":{"drawMode":0,"name":"Shaded","section":"Shading Mode"},"sceneLighting":false,"audioPlay":false,"sceneViewState":{"m_AlwaysRefresh":false,"showFog":true,"showSkybox":true,"showFlares":true,"showImageEffects":true,"showParticleSystems":true,"showVisualEffectGraphs":true,"m_FxEnabled":true},"in2DMode":false,"pivot":{"x":450.8736267089844,"y":269.72662353515627,"z":-631.6756591796875},"rotation":{"x":0.0019032650161534548,"y":0.9984227418899536,"z":0.047637224197387698,"w":-0.03439899533987045},"size":837.6090087890625,"orthographic":false}