{"cameraMode":{"drawMode":0,"name":"Shaded","section":"Shading Mode"},"sceneLighting":false,"audioPlay":false,"sceneViewState":{"m_AlwaysRefresh":false,"showFog":true,"showSkybox":true,"showFlares":true,"showImageEffects":true,"showParticleSystems":true,"showVisualEffectGraphs":true,"m_FxEnabled":true},"in2DMode":false,"pivot":{"x":396.99859619140627,"y":204.64950561523438,"z":1.48736572265625},"rotation":{"x":-0.07064887136220932,"y":-0.05616943538188934,"z":0.003935555927455425,"w":-0.9960008859634399},"size":142.4661865234375,"orthographic":false}