{"cameraMode":{"drawMode":0,"name":"Shaded","section":"Shading Mode"},"sceneLighting":false,"audioPlay":false,"sceneViewState":{"m_AlwaysRefresh":false,"showFog":true,"showSkybox":false,"showFlares":true,"showImageEffects":true,"showParticleSystems":true,"showVisualEffectGraphs":true,"m_FxEnabled":true},"in2DMode":false,"pivot":{"x":3.203822612762451,"y":2.1162078380584719,"z":6.026895046234131},"rotation":{"x":0.017800811678171159,"y":-0.7582373023033142,"z":0.02070845477283001,"w":0.6514478921890259},"size":4.640478610992432,"orthographic":true}