{"cameraMode":{"drawMode":0,"name":"Shaded","section":"Shading Mode"},"sceneLighting":true,"audioPlay":false,"sceneViewState":{"m_AlwaysRefresh":false,"showFog":true,"showSkybox":true,"showFlares":true,"showImageEffects":true,"showParticleSystems":true,"showVisualEffectGraphs":true,"m_FxEnabled":true},"in2DMode":false,"pivot":{"x":406.0298767089844,"y":-15.535603523254395,"z":34.153587341308597},"rotation":{"x":-0.0019619360100477936,"y":0.9975230097770691,"z":-0.06323885917663574,"w":-0.03201226890087128},"size":491.84259033203127,"orthographic":false}