{"cameraMode":{"drawMode":0,"name":"Shaded","section":"Shading Mode"},"sceneLighting":false,"audioPlay":false,"sceneViewState":{"m_AlwaysRefresh":false,"showFog":true,"showSkybox":false,"showFlares":true,"showImageEffects":true,"showParticleSystems":true,"showVisualEffectGraphs":true,"m_FxEnabled":true},"in2DMode":false,"pivot":{"x":214.56582641601563,"y":55.626487731933597,"z":461.9389343261719},"rotation":{"x":0.022599833086133004,"y":0.30233895778656008,"z":0.007103796117007732,"w":-0.9529520273208618},"size":261.14178466796877,"orthographic":false}